{
  "test-clean": {
    "WER (argmax)": 0.1470017808080893,
    "CER (argmax)": 0.044807435518503615,
    "CER (BS)": 0.043923558924887265,
    "WER (BS)": 0.14336302087580044,
    "CER (LMBS)": 0.03208290254613029,
    "WER (LMBS)": 0.08742336573461146
  },
  "test-other": {
    "WER (argmax)": 0.347599404284757,
    "CER (argmax)": 0.1374853744430103,
    "CER (BS)": 0.13654790155330876,
    "WER (BS)": 0.3451107869871865,
    "CER (LMBS)": 0.11268067430893065,
    "WER (LMBS)": 0.24078894839523557
  }
}