{
  "test-clean": {
    "WER (argmax)": 0.14698133701353297,
    "CER (argmax)": 0.044816582265270896,
    "CER (BS)": 0.04395565649174764,
    "WER (BS)": 0.14331158472096953,
    "CER (LMBS)": 0.03397205378797316,
    "WER (LMBS)": 0.09320691972002111
  },
  "test-other": {
    "WER (argmax)": 0.3474076969192444,
    "CER (argmax)": 0.13736411071836235,
    "CER (BS)": 0.13639527246548974,
    "WER (BS)": 0.3450140243805524,
    "CER (LMBS)": 0.11570353700828107,
    "WER (LMBS)": 0.2516270021238464
  }
}